{"coef": [[0.0066339202397803915, 0.1266073403539705, 0.04423790781954474, -0.06471628669741022, 0.042741152629623094, 0.08743636119935773, 0.3702477399569054, 0.36554270380756343, -0.08487585168893809, -0.054828809801009785, 0.12384784267608487, 0.05302544795949554, 0.08151948182576628, -0.027914623192958798, -0.03466538541177411, 0.2196737298516094, 0.2196737298516094, 0.3702477399569054, 0.3702477399569054, 0.3702477399569054, 0.09702214852451294, 0.09813605025359115, 0.06864548334276654, 0.047020908413788254, -0.024943691939419144, -0.1932758250629389, 0.13113074429192773, -0.05819273090932943, 0.050178706405240234, -0.09802363619712207, 0.02571857131654491, 0.0017037572438333183, 0.06794156745658643, 0.00036354128539888356, 0.04681067220592571, 0.02208744478946399, 0.05420250842892535, 0.0010521032670002908]], "intercept": [0.042529427642882436], "feature_names": ["amount", "merchant_risk_score", "account_age_days", "kyc_level", "avg_txn_amount_7d", "avg_txn_amount_30d", "is_new_device", "ip_risk_score", "hour", "day_of_week", "txn_velocity_1h", "txn_velocity_24h", "failed_txn_count_24h", "account_balance", "post_txn_balance", "balance_change_ratio", "amount_to_balance_ratio", "is_night_txn", "high_velocity_flag", "unusual_location_flag", "transaction_type_UPI", "transaction_type_card", "transaction_type_netbanking", "merchant_category_electronics", "merchant_category_food", "merchant_category_gaming", "merchant_category_investment", "merchant_category_luxury", "merchant_category_retail", "merchant_category_travel", "device_type_mobile", "device_type_tablet", "geo_location_Chennai", "geo_location_Delhi", "geo_location_Hyderabad", "geo_location_Kolkata", "geo_location_Mumbai", "geo_location_Pune"]}