{"coef": [[0.006956459037634146, 0.12746532383303538, 0.04393087216102976, -0.06452436271581573, 0.04075707275964555, 0.08893661223031891, 0.3729827195400229, 0.3619507515775983, -0.08439567472225645, -0.05477307442808973, 0.12417418000354699, 0.05297626330307342, 0.07989808956224927, -0.027938752109721684, -0.035020162520973105, 0.2155672506547153, 0.2155672506547153, 0.3729827195400229, 0.3729827195400229, 0.3729827195400229, 0.0982188403939767, 0.09917142140068082, 0.06981233925027039, 0.04647656039804356, -0.025581127463433186, -0.19397808818500792, 0.1307697908130913, -0.05855968730372818, 0.04978847542477836, -0.0983547795531922, 0.0255046626617438, 0.0017954955529466366, 0.06751832530393695, -0.00011508258572182767, 0.046279915063108516, 0.021594575372941745, 0.053579324220884385, 0.0007051863097968696]], "intercept": [0.042618818948590174], "feature_names": ["amount", "merchant_risk_score", "account_age_days", "kyc_level", "avg_txn_amount_7d", "avg_txn_amount_30d", "is_new_device", "ip_risk_score", "hour", "day_of_week", "txn_velocity_1h", "txn_velocity_24h", "failed_txn_count_24h", "account_balance", "post_txn_balance", "balance_change_ratio", "amount_to_balance_ratio", "is_night_txn", "high_velocity_flag", "unusual_location_flag", "transaction_type_UPI", "transaction_type_card", "transaction_type_netbanking", "merchant_category_electronics", "merchant_category_food", "merchant_category_gaming", "merchant_category_investment", "merchant_category_luxury", "merchant_category_retail", "merchant_category_travel", "device_type_mobile", "device_type_tablet", "geo_location_Chennai", "geo_location_Delhi", "geo_location_Hyderabad", "geo_location_Kolkata", "geo_location_Mumbai", "geo_location_Pune"]}