{"coef": [[0.007338948622293232, 0.12714828548084603, 0.044305696324340144, -0.06471942538072854, 0.04134599974144153, 0.08870036989096089, 0.37118698300361164, 0.36421886349877897, -0.08595116205519811, -0.05465876879094355, 0.12395779438833048, 0.052974561072876444, 0.08095244002265259, -0.02821904186915624, -0.03569210006343872, 0.21665982527148503, 0.21665982527148503, 0.37118698300361164, 0.37118698300361164, 0.37118698300361164, 0.09770460701413462, 0.09880135688603583, 0.069003272791816, 0.047073960903861144, -0.024986988272348524, -0.19318543913794017, 0.13112073033987423, -0.05829225304662844, 0.05005537394264625, -0.09794613087646994, 0.025739768099870428, 0.0018115429079522873, 0.06772438245607398, 0.00011673700764610294, 0.04664947311866678, 0.0219790622910549, 0.053945275767852234, 0.0007468887167181473]], "intercept": [0.03784952137232222], "feature_names": ["amount", "merchant_risk_score", "account_age_days", "kyc_level", "avg_txn_amount_7d", "avg_txn_amount_30d", "is_new_device", "ip_risk_score", "hour", "day_of_week", "txn_velocity_1h", "txn_velocity_24h", "failed_txn_count_24h", "account_balance", "post_txn_balance", "balance_change_ratio", "amount_to_balance_ratio", "is_night_txn", "high_velocity_flag", "unusual_location_flag", "transaction_type_UPI", "transaction_type_card", "transaction_type_netbanking", "merchant_category_electronics", "merchant_category_food", "merchant_category_gaming", "merchant_category_investment", "merchant_category_luxury", "merchant_category_retail", "merchant_category_travel", "device_type_mobile", "device_type_tablet", "geo_location_Chennai", "geo_location_Delhi", "geo_location_Hyderabad", "geo_location_Kolkata", "geo_location_Mumbai", "geo_location_Pune"]}