{"coef": [[0.0068946546500944905, 0.12756762990237822, 0.043953327927433915, -0.06451756072266672, 0.0410425839015384, 0.08863600891409269, 0.37266957668832873, 0.3622027881737193, -0.08444348596891797, -0.054782249343554704, 0.12427683780846178, 0.052992243365625, 0.07993301141575826, -0.027929240798661933, -0.034947301817182364, 0.21599121685327635, 0.21599121685327635, 0.37266957668832873, 0.37266957668832873, 0.37266957668832873, 0.09822070494922405, 0.09912915874799925, 0.06980605713917888, 0.04646149833601433, -0.025600586238771476, -0.19398984695497162, 0.13075250782990636, -0.058572585729488244, 0.049766870603253736, -0.09838187724198444, 0.025486005457221482, 0.0018107944508550045, 0.06750348856368969, -0.00012656589195442908, 0.04627778575573859, 0.021583869632392436, 0.05356870740456092, 0.0006869550797436712]], "intercept": [0.04260763381211842], "feature_names": ["amount", "merchant_risk_score", "account_age_days", "kyc_level", "avg_txn_amount_7d", "avg_txn_amount_30d", "is_new_device", "ip_risk_score", "hour", "day_of_week", "txn_velocity_1h", "txn_velocity_24h", "failed_txn_count_24h", "account_balance", "post_txn_balance", "balance_change_ratio", "amount_to_balance_ratio", "is_night_txn", "high_velocity_flag", "unusual_location_flag", "transaction_type_UPI", "transaction_type_card", "transaction_type_netbanking", "merchant_category_electronics", "merchant_category_food", "merchant_category_gaming", "merchant_category_investment", "merchant_category_luxury", "merchant_category_retail", "merchant_category_travel", "device_type_mobile", "device_type_tablet", "geo_location_Chennai", "geo_location_Delhi", "geo_location_Hyderabad", "geo_location_Kolkata", "geo_location_Mumbai", "geo_location_Pune"]}